ID,Email
82EF7D3F-4370-4B91-9D72-3D609CF9EB47,82EF7D3F-4370-4B91-9D72-3D609CF9EB47@mysite.com
8E4CAAA0-8845-46BD-A5B3-37E8C883CB99,8E4CAAA0-8845-46BD-A5B3-37E8C883CB99@mysite.com
288BC530-1A86-4DB2-BE55-6B5EC6AB183D,288BC530-1A86-4DB2-BE55-6B5EC6AB183D@mysite.com
EF7BAAC1-C4A6-48DA-8A3F-7B8201343B2E,EF7BAAC1-C4A6-48DA-8A3F-7B8201343B2E@mysite.com
23DFBD95-5365-4E0D-AC9A-9C61C8321313,23DFBD95-5365-4E0D-AC9A-9C61C8321313@mysite.com
D57E2DBB-D642-4382-B269-D85E417F9C08,D57E2DBB-D642-4382-B269-D85E417F9C08@mysite.com
E428052F-69E5-42A1-AD6F-1473FA074920,E428052F-69E5-42A1-AD6F-1473FA074920@mysite.com
BEC2FE45-061F-4C90-B883-B24DAAFCB6C4,BEC2FE45-061F-4C90-B883-B24DAAFCB6C4@mysite.com
A49F73BF-B75C-4CD9-BA6A-566697CDA396,A49F73BF-B75C-4CD9-BA6A-566697CDA396@mysite.com
F912F2C2-018E-4111-AB41-7D1D6E3B5CB6,F912F2C2-018E-4111-AB41-7D1D6E3B5CB6@mysite.com
C9AA41AD-122F-481D-A266-BA59EB06058B,C9AA41AD-122F-481D-A266-BA59EB06058B@mysite.com
9C8BDD80-F6C5-4A55-94DF-92E141176DAE,9C8BDD80-F6C5-4A55-94DF-92E141176DAE@mysite.com
A316446A-8797-43AC-9551-3A01996B5919,A316446A-8797-43AC-9551-3A01996B5919@mysite.com
7CA3901D-C8A2-49C4-AA02-51871D4F6DCB,7CA3901D-C8A2-49C4-AA02-51871D4F6DCB@mysite.com
52E63515-8891-4D0F-B7FD-516A2D3D2D6F,52E63515-8891-4D0F-B7FD-516A2D3D2D6F@mysite.com
94C8EA55-43BE-4B07-AD3E-00A36AC4AA43,94C8EA55-43BE-4B07-AD3E-00A36AC4AA43@mysite.com
4A5E0BF4-3B42-4132-B24F-7D267DFEE365,4A5E0BF4-3B42-4132-B24F-7D267DFEE365@mysite.com
9478FE60-232B-479F-9C54-9676550AEFDB,9478FE60-232B-479F-9C54-9676550AEFDB@mysite.com
99466817-525F-44CF-B4F1-A12788716C7D,99466817-525F-44CF-B4F1-A12788716C7D@mysite.com
E4DE4074-6F8D-4442-9A29-A18A802DCF7D,E4DE4074-6F8D-4442-9A29-A18A802DCF7D@mysite.com
2D9D0B45-D450-4873-B4FF-7DAD84CD9679,2D9D0B45-D450-4873-B4FF-7DAD84CD9679@mysite.com
D04FC8A9-5770-4EE8-BCA0-62889CD173CA,D04FC8A9-5770-4EE8-BCA0-62889CD173CA@mysite.com
1C2861C9-9C24-4A08-9304-4A08A284EAF0,1C2861C9-9C24-4A08-9304-4A08A284EAF0@mysite.com
5A46A597-0C04-4497-AF86-8006801507AB,5A46A597-0C04-4497-AF86-8006801507AB@mysite.com
1CA41B8F-1688-4C95-8FCF-9721C10F1B1F,1CA41B8F-1688-4C95-8FCF-9721C10F1B1F@mysite.com
D49F3C21-719C-47B0-BDD7-B4735FDCAAA6,D49F3C21-719C-47B0-BDD7-B4735FDCAAA6@mysite.com
8E7CD758-CD5E-4F41-949D-BE01C589FE20,8E7CD758-CD5E-4F41-949D-BE01C589FE20@mysite.com
553CBA1A-8FA3-428A-88A0-6477A868F6AC,553CBA1A-8FA3-428A-88A0-6477A868F6AC@mysite.com